"Date","Flight ID","Model","ICAO Model","Tail Number","Aircraft ID","Category/Class","Approaches","Hold","Landings","FS Night Landings","FS Day Landings","X-Country","Night","IMC","Simulated Instrument","Ground Simulator","Dual Received","CFI","SIC","PIC","Total Flight Time","CFI Time (HH:MM)","SIC Time (HH:MM)","PIC (HH:MM)","Total Flight Time (HH:MM)","Route","Flight Properties","Comments","Hobbs Start","Hobbs End","Engine Start","Engine End","Engine Time","Flight Start","Flight End","Flying Time","Complex","Constant-speed prop","Flaps","Retract","Tailwheel","High Performance","Turbine","Signature State","Date of Signature","CFI Comment","CFI Certificate","CFI Name","CFI Expiration","Public","Solo Time","Landings - Night, towered Airport","Checkride - Instrument","Instructor Name","Checkride - Commercial"
"2018-12-21","6728991","C-152, Cessna","C152","4XALX","60070","ASEL","0","","3","0","0","1.2","","","","","","0.00","0.00","2.00","2.00","","","2:00","2:00","LLHA LLIB LLHH","Solo Time: 2.0","","0.00","0.00","","","","","","","","","Yes","","","","","","","","","","","","2.00","","","",""
"2018-12-14","6705527","C-172 P, Cessna  Skyhawk","C172","4XCGC","146461","ASEL","0","","2","0","0","0.5","","","","","","0.00","0.00","1.40","1.40","","","1:24","1:24","LLHA LLMG LLHA","","","0.00","0.00","","","","","","","","","Yes","","","","","","","","","","","","","","","",""
"2018-12-11","6682932","C-172 P, Cessna  Skyhawk","C172","4XCGC","146461","ASEL","0","","8","0","0","","0.5","","","","","0.00","0.00","0.00","1.10","","","","1:06","LLHA","Solo Time: 1.1; 4 Night Landing(s) at a Towered Airport","","0.00","0.00","","","","","","","","","Yes","","","","","","","","","","","","1.10","4","","",""
"2018-12-03","6642763","C-172 P, Cessna  Skyhawk","C172","4XCGC","146461","ASEL","0","","5","0","0","","","","","","","0.00","0.00","1.30","1.30","","","1:18","1:18","LLHA","Solo Time: 1.3","","0.00","0.00","","","","","","","","","Yes","","","","","","","","","","","","1.30","","","",""
"2018-11-28","6620690","C-172 P, Cessna  Skyhawk","C172","4XCGC","146461","ASEL","0","","5","0","0","","","","","","","0.00","0.00","0.80","0.80","","","0:48","0:48","LLHA","Solo Time: 0.8","","0.00","0.00","","","","2018-11-28 06:25:00Z","2018-11-28 07:15:00Z",".83","","","Yes","","","","","","","","","","","","0.80","","","",""
"2018-11-13","6556684","C-172 P, Cessna  Skyhawk","C172","4XCGC","146461","ASEL","0","","5","0","0","","","","","","","0.00","0.00","1.50","1.50","","","1:30","1:30","LLHA","Solo Time: 1.5","","0.00","0.00","","","","","","","","","Yes","","","","","","","","","","","","1.50","","","",""
"2018-11-07","6524127","C-172 P, Cessna  Skyhawk","C172","4XCGC","146461","ASEL","0","","2","0","0","0.8","","","","","","0.00","0.00","1.10","1.10","","","1:06","1:06","LLHZ LLSD LLHA","Solo Time: 0.4","","0.00","0.00","","","","","","","","","Yes","","","","","","","","","","","","0.40","","","",""
"2018-10-30","6482301","C-172 P, Cessna  Skyhawk","C172","4XCGC","146461","ASEL","0","","8","0","0","","","","","","","0.00","0.00","0.80","0.80","","","0:48","0:48","LLHA","Solo Time: 0.8","T/P","0.00","0.00","","","","","","","","","Yes","","","","","","","","","","","","0.80","","","",""
"2018-10-09","6422068","PA28-180, Piper  Archer","P28A","N8948C","173023","ASEL","0","","2","0","0","","","","","","","0.00","0.00","0.50","0.50","","","0:30","0:30","KGAI","Commercial Checkride","DPE Sharif","0.00","0.00","","","","","","","","","Yes","","","","","","","","","","","","","","","","Yes"
"2018-10-09","6422067","PA28-180, Piper  Archer","P28A","N8948C","173023","ASEL","0","","4","0","0","","","","","","","0.00","0.00","1.20","1.20","","","1:12","1:12","KGAI","Solo Time: 1.2","","0.00","0.00","","","","","","","","","Yes","","","","","","","","","","","","1.20","","","",""
"2018-10-08","6422066","PA28-180, Piper  Archer","P28A","N8948C","173023","ASEL","0","","4","0","0","","","","","","","0.00","0.00","1.90","1.90","","","1:54","1:54","KGAI KMDT","","DPE Sharif","0.00","0.00","","","","","","","","","Yes","","","","","","","","","","","","","","","",""
"2018-10-05","6422065","PA28-161, Piper  Warrior","P28A","N2172D","87226","ASEL","0","","1","0","0","","","","","","","0.00","0.00","0.40","0.40","","","0:24","0:24","KGAI","","DPE Sharif","0.00","0.00","","","","","","","","","Yes","","","","","","","","","","","","","","","",""
"2018-10-03","6437853","PA28-161, Piper  Warrior","P28A","N8445S","166","ASEL","0","","1","0","0","","","","","","","0.00","0.00","1.50","1.50","","","1:30","1:30","KGAI","Solo Time: 1.5","","0.00","0.00","","","","","","","","","Yes","","","","","","","","","","","","1.50","","","",""
"2018-10-03","6422064","PA28-161, Piper  Warrior","P28A","N2172D","87226","ASEL","0","","1","0","0","","","","","","1.5","0.00","0.00","1.50","1.50","","","1:30","1:30","KGAI","Instructor: Eldad Riech","","0.00","0.00","","","","","","","","","Yes","","","","","","","","","","","","","","","Eldad Riech",""
"2018-10-02","6422063","PA28-181, Piper  Archer II","P28A","N21803","47920","ASEL","0","","3","0","0","","","","","","","0.00","0.00","0.60","0.60","","","0:36","0:36","KGAI","","","0.00","0.00","","","","","","","","","Yes","","","","","","","","","","","","","","","",""
"2018-10-01","6422062","PA28-181, Piper  Archer II","P28A","N1809H","199396","ASEL","0","","0","0","0","","","","","","1.9","0.00","0.00","1.90","1.90","","","1:54","1:54","","","","0.00","0.00","","","","","","","","","Yes","","","","","","","","","","","","","","","",""
"2018-09-30","6422061","PA28-161, Piper  Cadet","P28A","N80FT","12769","ASEL","0","","0","0","0","","","","","","2.2","0.00","0.00","2.20","2.20","","","2:12","2:12","","","","0.00","0.00","","","","","","","","","Yes","","","","","","","","","","","","","","","",""
"2018-09-29","6437891","PA28-161, Piper  Warrior","P28A","N8445S","166","ASEL","0","","3","0","0","","","","","","2.0","0.00","0.00","2.00","2.00","","","2:00","2:00","KGAI","Instructor: Eldad Riech","","0.00","0.00","","","","","","","","","Yes","","","","","","","","","","","","","","","Eldad Riech",""
"2018-09-28","6422060","PA28-181, Piper  Archer II","P28A","N21803","47920","ASEL","0","","0","0","0","","","","","","1.5","0.00","0.00","1.50","1.50","","","1:30","1:30","","","","0.00","0.00","","","","","","","","","Yes","","","","","","","","","","","","","","","",""
"2018-09-26","6422059","PA28-161, Piper  Warrior","P28A","N2172D","87226","ASEL","0","","0","0","0","","","","","","2.0","0.00","0.00","2.00","2.00","","","2:00","2:00","","","","0.00","0.00","","","","","","","","","Yes","","","","","","","","","","","","","","","",""
"2018-09-25","6422058","PA28-181, Piper  Archer II","P28A","N38657","199395","ASEL","0","","0","0","0","","","","","","1.6","0.00","0.00","1.60","1.60","","","1:36","1:36","","","","0.00","0.00","","","","","","","","","Yes","","","","","","","","","","","","","","","",""
"2018-08-12","6422057","C-172 P, Cessna  Skyhawk","C172","4XCGC","146461","ASEL","0","","0","0","0","","","","","","","0.00","0.00","1.20","1.20","","","1:12","1:12","","Solo Time: 1.2","","7189.60","7190.50","","","","","","","","","Yes","","","","","","","","","","","","1.20","","","",""
"2018-06-09","6422056","C-172 P, Cessna  Skyhawk","C172","4XCGC","146461","ASEL","0","","0","0","0","1.6","","","","","","0.00","0.00","1.60","1.60","","","1:36","1:36","","","","7159.20","7160.50","","","","","","","","","Yes","","","","","","","","","","","","","","","",""
"2018-06-08","6422055","C-172 P, Cessna  Skyhawk","C172","4XCGC","146461","ASEL","0","","0","0","0","","","","","","","0.00","0.00","0.90","0.90","","","0:54","0:54","","","","7158.60","7159.20","","","","","","","","","Yes","","","","","","","","","","","","","","","",""
"2018-05-11","6422054","C-172 P, Cessna  Skyhawk","C172","4XCGC","146461","ASEL","0","","0","0","0","","","","","","","0.00","0.00","1.60","1.60","","","1:36","1:36","","Solo Time: 0.5","","7143.90","7145.20","","","","","","","","","Yes","","","","","","","","","","","","0.50","","","",""
"2018-03-17","6422053","C-172 P, Cessna  Skyhawk","C172","4XCGC","146461","ASEL","0","","0","0","0","","","","","","","0.00","0.00","0.90","0.90","","","0:54","0:54","","Solo Time: 0.9","","7121.50","7122.00","","","","","","","","","Yes","","","","","","","","","","","","0.90","","","",""
"2018-02-22","6422052","PA28R-201, Piper  Arrow III","P28R","N719JH","163431","ASEL","0","","0","0","0","","","","","","","0.00","0.00","1.10","1.10","","","1:06","1:06","","Solo Time: 1.1","","0.00","0.00","","","","","","","Yes","Yes","Yes","Yes","","","","","","","","","","","1.10","","","",""
"2018-02-20","6422051","PA28R-201, Piper  Arrow III","P28R","N2927Q","5904","ASEL","0","","0","0","0","","","","","","1.6","0.00","0.00","1.60","1.60","","","1:36","1:36","","","","0.00","0.00","","","","","","","Yes","Yes","Yes","Yes","","","","","","","","","","","","","","",""
"2018-02-18","6422050","PA28-161, Piper  Warrior","P28A","N8445S","166","ASEL","0","","4","3","1","7.3","4.1","","","","","0.00","0.00","7.30","7.30","","","7:18","7:18","","Solo Time: 7.3","","0.00","0.00","","","","","","","","","Yes","","","","","","","","","","","","7.30","","","",""
"2018-02-18","6422049","PA28R-201, Piper  Arrow III","P28R","N2927Q","5904","ASEL","0","","0","0","0","","","","","","1.2","0.00","0.00","1.20","1.20","","","1:12","1:12","","","","0.00","0.00","","","","","","","Yes","Yes","Yes","Yes","","","","","","","","","","","","","","",""
"2018-02-15","6422048","PA28R-201, Piper  Arrow III","P28R","N719JH","163431","ASEL","0","","0","0","0","","","","","","1.7","0.00","0.00","1.70","1.70","","","1:42","1:42","","","","0.00","0.00","","","","","","","Yes","Yes","Yes","Yes","","","","","","","","","","","","","","",""
"2018-02-14","6422047","C-172 R, Cessna  Skyhawk","C172","N2621Z","58822","ASEL","0","","10","10","0","","2.3","","","","","0.00","0.00","2.30","2.30","","","2:18","2:18","","Solo Time: 2.3","","0.00","0.00","","","","","","","","","Yes","","","","","","","","","","","","2.30","","","",""
"2018-02-14","6422046","PA28R-201, Piper  Arrow III","P28R","N2927Q","5904","ASEL","0","","0","0","0","","","","","","1.4","0.00","0.00","1.40","1.40","","","1:24","1:24","","","","0.00","0.00","","","","","","","Yes","Yes","Yes","Yes","","","","","","","","","","","","","","",""
"2018-02-13","6422045","PA28R-201, Piper  Arrow III","P28R","N2927Q","5904","ASEL","0","","0","0","0","","","","","","1.3","0.00","0.00","1.30","1.30","","","1:18","1:18","","","","0.00","0.00","","","","","","","Yes","Yes","Yes","Yes","","","","","","","","","","","","","","",""
"2018-02-12","6422044","PA28R-201, Piper  Arrow III","P28R","N2927Q","5904","ASEL","0","","0","0","0","","","","","","1.5","0.00","0.00","1.50","1.50","","","1:30","1:30","","","","0.00","0.00","","","","","","","Yes","Yes","Yes","Yes","","","","","","","","","","","","","","",""
"2017-12-10","6422043","C-172 P, Cessna  Skyhawk","C172","4XCGC","146461","ASEL","0","","0","0","0","","0.4","","","","","0.00","0.00","0.80","0.80","","","0:48","0:48","","","","0.00","0.00","","","","","","","","","Yes","","","","","","","","","","","","","","","",""
"2017-12-01","6422042","C-172 P, Cessna  Skyhawk","C172","4XCGC","146461","ASEL","0","","0","0","0","5.8","","","","","","0.00","0.00","5.80","5.80","","","5:48","5:48","","","","0.00","0.00","","","","","","","","","Yes","","","","","","","","","","","","","","","",""
"2017-11-11","6422041","C-172 P, Cessna  Skyhawk","C172","4XCGC","146461","ASEL","0","","0","0","0","","","","","","","0.00","0.00","0.80","0.80","","","0:48","0:48","","","","0.00","0.00","","","","","","","","","Yes","","","","","","","","","","","","","","","",""
"2017-10-16","6422040","C-172 N, Cessna  Skyhawk/100","C172","N5157K","29016","ASEL","3","","0","0","0","","","0.5","1.3","","","0.00","0.00","1.80","1.80","","","1:48","1:48","","Instrument Checkride","","0.00","0.00","","","","","","","","","Yes","","","","","","","","","","","","","","Yes","",""
"2017-10-15","6422039","AATD, Redbird","","SIMAATDR1","66944","ASEL","2","","0","0","0","","","","1.1","","1.1","0.00","0.00","1.10","1.10","","","1:06","1:06","","","","0.00","0.00","","","","","","","","","","","","","","","","","","","","","","","","",""
"2017-10-15","6422038","C-172 N, Cessna  Skyhawk/100","C172","N5157K","29016","ASEL","3","","0","0","0","","0.4","","1.5","","1.8","0.00","0.00","1.30","1.80","","","1:18","1:48","","","","0.00","0.00","","","","","","","","","Yes","","","","","","","","","","","","","","","",""
"2017-10-11","6422037","C-172 R, Cessna  Skyhawk","C172","N2621Z","58822","ASEL","3","","0","0","0","","","1.5","","","1.8","0.00","0.00","0.30","1.80","","","0:18","1:48","","","","0.00","0.00","","","","","","","","","Yes","","","","","","","","","","","","","","","",""
"2017-10-10","6422036","C-172 Q, Cessna  Skyhawk","C172","N911AT","11367","ASEL","4","","0","0","0","4.1","0.7","0.2","3.6","","4.1","0.00","0.00","3.90","4.10","","","3:54","4:06","","","","0.00","0.00","","","","","","","","","Yes","","","","","","","","","","","","","","","",""
"2017-10-08","6422035","C-172 R, Cessna  Skyhawk","C172","N2621Z","58822","ASEL","3","","0","0","0","","","","1.0","","1.3","0.00","0.00","1.30","1.30","","","1:18","1:18","","","","0.00","0.00","","","","","","","","","Yes","","","","","","","","","","","","","","","",""
"2017-10-07","6422034","C-172 Q, Cessna  Skyhawk","C172","N911AT","11367","ASEL","3","","0","0","0","","","","1.4","","1.7","0.00","0.00","1.70","1.70","","","1:42","1:42","","","","0.00","0.00","","","","","","","","","Yes","","","","","","","","","","","","","","","",""
"2017-10-07","6422033","C-172 N, Cessna  Skyhawk/100","C172","N5157K","29016","ASEL","2","","0","0","0","2.5","","0.3","1.9","","2.5","0.00","0.00","2.20","2.50","","","2:12","2:30","","","","0.00","0.00","","","","","","","","","Yes","","","","","","","","","","","","","","","",""
"2017-10-06","6422032","C-172 Q, Cessna  Skyhawk","C172","N911AT","11367","ASEL","3","","0","0","0","2.6","","","2.3","","2.6","0.00","0.00","2.60","2.60","","","2:36","2:36","","","","0.00","0.00","","","","","","","","","Yes","","","","","","","","","","","","","","","",""
"2017-10-05","6422031","C-172 R, Cessna  Skyhawk","C172","N2621Z","58822","ASEL","2","","0","0","0","2.0","0.3","0.4","1.4","","2.0","0.00","0.00","1.60","2.00","","","1:36","2:00","","","","0.00","0.00","","","","","","","","","Yes","","","","","","","","","","","","","","","",""
"2017-10-04","6422030","PA28-180, Piper  Archer","P28A","N8948C","173023","ASEL","2","","0","0","0","3.8","","","1.6","","","0.00","0.00","3.80","3.80","","","3:48","3:48","","","","0.00","0.00","","","","","","","","","Yes","","","","","","","","","","","","","","","",""
"2017-10-03","6422029","PA28-181, Piper  Archer II","P28A","N21803","47920","ASEL","0","","0","0","0","","","","","","","0.00","0.00","1.40","1.40","","","1:24","1:24","","Solo Time: 1.4","","0.00","0.00","","","","","","","","","Yes","","","","","","","","","","","","1.40","","","",""
"2017-10-03","6422028","PA28-181, Piper  Archer II","P28A","N21803","47920","ASEL","2","","0","0","0","","","","1.6","","1.9","0.00","0.00","1.90","1.90","","","1:54","1:54","","","","0.00","0.00","","","","","","","","","Yes","","","","","","","","","","","","","","","",""
"2017-10-03","6422027","C-172 Q, Cessna  Skyhawk","C172","N911AT","11367","ASEL","2","","0","0","0","","1.2","","1.0","","1.2","0.00","0.00","1.20","1.20","","","1:12","1:12","","","","0.00","0.00","","","","","","","","","Yes","","","","","","","","","","","","","","","",""
"2017-10-02","6422026","PA28-161, Piper  Warrior","P28A","N2172D","87226","ASEL","3","","0","0","0","1.9","","","1.6","","","0.00","0.00","1.90","1.90","","","1:54","1:54","","","","0.00","0.00","","","","","","","","","Yes","","","","","","","","","","","","","","","",""
"2017-10-01","6422025","PA28-161, Piper  Warrior","P28A","N2172D","87226","ASEL","3","","0","0","0","","","","1.2","","1.5","0.00","0.00","1.50","1.50","","","1:30","1:30","","","","0.00","0.00","","","","","","","","","Yes","","","","","","","","","","","","","","","",""
"2017-09-29","6422024","C-172 Q, Cessna  Skyhawk","C172","N911AT","11367","ASEL","2","","0","0","0","","","","1.0","","1.2","0.00","0.00","1.20","1.20","","","1:12","1:12","","","","0.00","0.00","","","","","","","","","Yes","","","","","","","","","","","","","","","",""
"2017-09-28","6422023","C-172 N, Cessna  Skyhawk/100","C172","N5157K","29016","ASEL","3","","0","0","0","","1.3","","1.0","","1.3","0.00","0.00","1.30","1.30","","","1:18","1:18","","","","0.00","0.00","","","","","","","","","Yes","","","","","","","","","","","","","","","",""
"2017-09-27","6422022","PA28-161, Piper  Cadet","P28A","N80FT","12769","ASEL","3","","0","0","0","","","","1.1","","1.4","0.00","0.00","1.40","1.40","","","1:24","1:24","","","","0.00","0.00","","","","","","","","","Yes","","","","","","","","","","","","","","","",""
"2017-09-25","6422021","PA28-161, Piper  Warrior","P28A","N2172D","87226","ASEL","2","","0","0","0","","","","1.0","","1.3","0.00","0.00","1.30","1.30","","","1:18","1:18","","","","0.00","0.00","","","","","","","","","Yes","","","","","","","","","","","","","","","",""
"2017-09-24","6422020","PA28-161, Piper  Warrior","P28A","N2172D","87226","ASEL","2","","0","0","0","","","","1.3","","1.6","0.00","0.00","1.60","1.60","","","1:36","1:36","","","","0.00","0.00","","","","","","","","","Yes","","","","","","","","","","","","","","","",""
"2017-09-23","6422019","PA28-181, Piper  Archer II","P28A","N21803","47920","ASEL","2","","0","0","0","","","","1.1","","1.4","0.00","0.00","1.40","1.40","","","1:24","1:24","","","","0.00","0.00","","","","","","","","","Yes","","","","","","","","","","","","","","","",""
"2017-09-23","6422018","C-172 R, Cessna  Skyhawk","C172","N2621Z","58822","ASEL","2","","0","0","0","3.5","3.5","","3.2","","","0.00","0.00","3.50","3.50","","","3:30","3:30","","","","0.00","0.00","","","","","","","","","Yes","","","","","","","","","","","","","","","",""
"2017-09-22","6422017","C-172 P, Cessna  Skyhawk","C172","N34HD","40855","ASEL","0","","0","0","0","1.7","1.7","","1.4","","","0.00","0.00","1.70","1.70","","","1:42","1:42","","","","0.00","0.00","","","","","","","","","Yes","","","","","","","","","","","","","","","",""
"2017-09-22","6422016","C-172 P, Cessna  Skyhawk","C172","N34HD","40855","ASEL","0","","0","0","0","1.9","","","","","","0.00","0.00","1.90","1.90","","","1:54","1:54","","2 Night Landing(s) at a Towered Airport","","0.00","0.00","","","","","","","","","Yes","","","","","","","","","","","","","2","","",""
"2017-09-22","6422015","PA28-161, Piper  Warrior","P28A","N8445S","166","ASEL","2","","0","0","0","","","","1.0","","1.3","0.00","0.00","1.30","1.30","","","1:18","1:18","","2 Night Landing(s) at a Towered Airport","","0.00","0.00","","","","","","","","","Yes","","","","","","","","","","","","","2","","",""
"2017-09-21","6422014","PA28-161, Piper  Warrior","P28A","N8445S","166","ASEL","2","","0","0","0","","","","1.0","","1.3","0.00","0.00","1.30","1.30","","","1:18","1:18","","","","0.00","0.00","","","","","","","","","Yes","","","","","","","","","","","","","","","",""
"2017-09-20","6422013","PA28-161, Piper  Warrior","P28A","N8445S","166","ASEL","2","","0","0","0","","","","1.2","","1.4","0.00","0.00","1.40","1.40","","","1:24","1:24","","","","0.00","0.00","","","","","","","","","Yes","","","","","","","","","","","","","","","",""
"2017-09-19","6422012","PA28-161, Piper  Warrior","P28A","N8445S","166","ASEL","0","","0","0","0","","","","1.0","","1.3","0.00","0.00","1.30","1.30","","","1:18","1:18","","","","0.00","0.00","","","","","","","","","Yes","","","","","","","","","","","","","","","",""
"2017-09-17","6422011","C-172 N, Cessna  Skyhawk/100","C172","N5157K","29016","ASEL","0","","0","0","0","","1.2","","0.9","","1.2","0.00","0.00","1.20","1.20","","","1:12","1:12","","Solo Time: 0.4","","0.00","0.00","","","","","","","","","Yes","","","","","","","","","","","","0.40","","","",""
"2017-09-15","6422010","C-172 N, Cessna  Skyhawk/100","C172","N5157K","29016","ASEL","0","","0","0","0","","0.6","","0.3","","0.6","0.00","0.00","0.60","0.60","","","0:36","0:36","","","","0.00","0.00","","","","","","","","","Yes","","","","","","","","","","","","","","","",""
"2017-08-30","6422009","C-172 P, Cessna  Skyhawk","C172","4XCGC","146461","ASEL","0","","0","0","0","","","","","","","0.00","0.00","0.80","0.80","","","0:48","0:48","","Solo Time: 0.8","","0.00","0.00","","","","","","","","","Yes","","","","","","","","","","","","0.80","","","",""
"2017-06-02","6422008","C-172 P, Cessna  Skyhawk","C172","4XCGC","146461","ASEL","0","","0","0","0","1.5","","","","","","0.00","0.00","1.50","1.50","","","1:30","1:30","","","","0.00","0.00","","","","","","","","","Yes","","","","","","","","","","","","","","","",""
"2017-05-19","6422007","C-172 P, Cessna  Skyhawk","C172","4XCGC","146461","ASEL","0","","0","0","0","","","","","","","0.00","0.00","1.30","1.30","","","1:18","1:18","","","","0.00","0.00","","","","","","","","","Yes","","","","","","","","","","","","","","","",""
"2017-02-10","6422006","C-172 P, Cessna  Skyhawk","C172","4XCGC","146461","ASEL","0","","0","0","0","1.6","","","","","","0.00","0.00","1.60","1.60","","","1:36","1:36","","","","0.00","0.00","","","","","","","","","Yes","","","","","","","","","","","","","","","",""
"2017-01-05","6422005","C-172 P, Cessna  Skyhawk","C172","4XCGC","146461","ASEL","0","","0","0","0","1.4","","","","","","0.00","0.00","1.40","1.40","","","1:24","1:24","","","","0.00","0.00","","","","","","","","","Yes","","","","","","","","","","","","","","","",""
"2016-12-30","6422004","C-172 P, Cessna  Skyhawk","C172","4XCGC","146461","ASEL","0","","0","0","0","","","","","","","0.00","0.00","1.00","1.00","","","1:00","1:00","","Solo Time: 1.0","","0.00","0.00","","","","","","","","","Yes","","","","","","","","","","","","1.00","","","",""
"2016-10-29","6422003","C-172 P, Cessna  Skyhawk","C172","4XCGC","146461","ASEL","0","","0","0","0","","","","","","","0.00","0.00","1.40","1.40","","","1:24","1:24","","Solo Time: 1.4","","0.00","0.00","","","","","","","","","Yes","","","","","","","","","","","","1.40","","","",""
"2016-10-18","6422002","C-172 P, Cessna  Skyhawk","C172","4XCGC","146461","ASEL","0","","0","0","0","0.6","","","","","","0.00","0.00","0.60","0.60","","","0:36","0:36","","","","0.00","0.00","","","","","","","","","Yes","","","","","","","","","","","","","","","",""
"2016-10-18","6422001","C-172 P, Cessna  Skyhawk","C172","4XCGC","146461","ASEL","0","","0","0","0","0.7","","","","","","0.00","0.00","0.70","0.70","","","0:42","0:42","","","","0.00","0.00","","","","","","","","","Yes","","","","","","","","","","","","","","","",""
"2016-07-28","6422000","C-172 P, Cessna  Skyhawk","C172","4XCGC","146461","ASEL","0","","0","0","0","1.1","","","","","","0.00","0.00","1.10","1.10","","","1:06","1:06","","","","0.00","0.00","","","","","","","","","Yes","","","","","","","","","","","","","","","",""
"2016-07-08","6421999","C-172 P, Cessna  Skyhawk","C172","4XCGC","146461","ASEL","0","","0","0","0","1.1","","","","","","0.00","0.00","1.10","1.10","","","1:06","1:06","","","","0.00","0.00","","","","","","","","","Yes","","","","","","","","","","","","","","","",""
"2016-06-03","6421998","C-172 P, Cessna  Skyhawk","C172","4XCGC","146461","ASEL","0","","0","0","0","2.1","","","","","","0.00","0.00","2.10","2.10","","","2:06","2:06","","","","0.00","0.00","","","","","","","","","Yes","","","","","","","","","","","","","","","",""
"2016-05-27","6421997","C-172 P, Cessna  Skyhawk","C172","4XCGC","146461","ASEL","0","","0","0","0","0.9","","","","","","0.00","0.00","0.90","0.90","","","0:54","0:54","","","","0.00","0.00","","","","","","","","","Yes","","","","","","","","","","","","","","","",""
"2016-05-07","6421996","C-172 P, Cessna  Skyhawk","C172","4XCGC","146461","ASEL","0","","0","0","0","2.6","","","","","","0.00","0.00","2.60","2.60","","","2:36","2:36","","Solo Time: 2.6","","0.00","0.00","","","","","","","","","Yes","","","","","","","","","","","","2.60","","","",""
"2016-05-05","6421995","C-172 P, Cessna  Skyhawk","C172","4XCGC","146461","ASEL","0","","0","0","0","2.7","","","","","","0.00","0.00","2.70","2.70","","","2:42","2:42","","Solo Time: 2.7","","0.00","0.00","","","","","","","","","Yes","","","","","","","","","","","","2.70","","","",""
"2016-04-01","6421994","C-172 P, Cessna  Skyhawk","C172","4XCGC","146461","ASEL","0","","0","0","0","1.2","","","","","","0.00","0.00","1.20","1.20","","","1:12","1:12","","","","0.00","0.00","","","","","","","","","Yes","","","","","","","","","","","","","","","",""
"2016-03-11","6421993","C-172 P, Cessna  Skyhawk","C172","4XCGC","146461","ASEL","0","","0","0","0","","","","","","","0.00","0.00","1.20","1.20","","","1:12","1:12","","","","0.00","0.00","","","","","","","","","Yes","","","","","","","","","","","","","","","",""
"2016-02-09","6421992","PA28-161, Piper  Warrior III","P28A","N444ND","563","ASEL","0","","0","0","0","1.7","1.1","","","","2.1","0.00","0.00","2.10","2.10","","","2:06","2:06","","","","0.00","0.00","","","","","","","","","Yes","","","","","","","","","","","","","","","",""
"2016-02-04","6421991","8KCAB (CSP), American Champion/Bellanca  Super Decathlon","BL8","N5030P","48783","ASEL","0","","0","0","0","","","","","","0.5","0.00","0.00","0.00","0.50","","","","0:30","","","","0.00","0.00","","","","","","","","Yes","","","Yes","","","","","","","","","","","","","",""
"2016-02-04","6421990","8KCAB (CSP), American Champion/Bellanca  Super Decathlon","BL8","N5030P","48783","ASEL","0","","0","0","0","","","","","","0.5","0.00","0.00","0.00","0.50","","","","0:30","","","","0.00","0.00","","","","","","","","Yes","","","Yes","","","","","","","","","","","","","",""
"2015-12-22","6421989","C-172 P, Cessna  Skyhawk","C172","4XCGC","146461","ASEL","0","","0","0","0","","","","","","","0.00","0.00","0.80","0.80","","","0:48","0:48","","Solo Time: 0.8","","0.00","0.00","","","","","","","","","Yes","","","","","","","","","","","","0.80","","","",""
"2015-07-17","6421988","C-172 P, Cessna  Skyhawk","C172","4XCGC","146461","ASEL","0","","0","0","0","1.4","","","","","","0.00","0.00","1.40","1.40","","","1:24","1:24","","","","0.00","0.00","","","","","","","","","Yes","","","","","","","","","","","","","","","",""
"2015-06-28","6421987","C-172 P, Cessna  Skyhawk","C172","4XCGC","146461","ASEL","0","","0","0","0","","","","","","","0.00","0.00","0.90","0.90","","","0:54","0:54","","","","0.00","0.00","","","","","","","","","Yes","","","","","","","","","","","","","","","",""
"2015-05-15","6421986","C-172 P, Cessna  Skyhawk","C172","4XCGC","146461","ASEL","0","","0","0","0","","","","","","","0.00","0.00","1.10","1.10","","","1:06","1:06","","","","0.00","0.00","","","","","","","","","Yes","","","","","","","","","","","","","","","",""
"2014-12-05","6421985","C-172 P, Cessna  Skyhawk","C172","4XCGC","146461","ASEL","0","","0","0","0","","","","","","","0.00","0.00","0.70","0.70","","","0:42","0:42","","Solo Time: 0.7","","0.00","0.00","","","","","","","","","Yes","","","","","","","","","","","","0.70","","","",""
"2014-09-02","6421984","C-172 P, Cessna  Skyhawk","C172","4XCGC","146461","ASEL","0","","0","0","0","1.5","","","","","","0.00","0.00","1.50","1.50","","","1:30","1:30","","","","0.00","0.00","","","","","","","","","Yes","","","","","","","","","","","","","","","",""
"2014-08-12","6421983","C-172 P, Cessna  Skyhawk","C172","4XCGC","146461","ASEL","0","","0","0","0","1.4","","","","","","0.00","0.00","1.40","1.40","","","1:24","1:24","","","","0.00","0.00","","","","","","","","","Yes","","","","","","","","","","","","","","","",""
"2014-08-12","6421982","C-172 P, Cessna  Skyhawk","C172","4XCGC","146461","ASEL","0","","0","0","0","","","","","","","0.00","0.00","0.80","0.80","","","0:48","0:48","","","","0.00","0.00","","","","","","","","","Yes","","","","","","","","","","","","","","","",""
"2014-06-13","6421981","C-172 P, Cessna  Skyhawk","C172","4XCGC","146461","ASEL","0","","0","0","0","1.4","","","","","","0.00","0.00","1.40","1.40","","","1:24","1:24","","","","0.00","0.00","","","","","","","","","Yes","","","","","","","","","","","","","","","",""
"2014-05-31","6421980","C-172 P, Cessna  Skyhawk","C172","4XCGC","146461","ASEL","0","","0","0","0","2.6","","","","","","0.00","0.00","2.60","2.60","","","2:36","2:36","","","","0.00","0.00","","","","","","","","","Yes","","","","","","","","","","","","","","","",""
"2014-05-30","6421979","C-172 P, Cessna  Skyhawk","C172","4XCGC","146461","ASEL","0","","0","0","0","2.7","","","","","","0.00","0.00","2.70","2.70","","","2:42","2:42","","","","0.00","0.00","","","","","","","","","Yes","","","","","","","","","","","","","","","",""
"2014-05-29","6421978","C-172 P, Cessna  Skyhawk","C172","4XCGC","146461","ASEL","0","","0","0","0","0.8","","","","","","0.00","0.00","0.80","0.80","","","0:48","0:48","","","","0.00","0.00","","","","","","","","","Yes","","","","","","","","","","","","","","","",""
"2014-05-23","6421977","C-172 P, Cessna  Skyhawk","C172","4XCGC","146461","ASEL","0","","0","0","0","1.4","","","","","","0.00","0.00","1.40","1.40","","","1:24","1:24","","","","0.00","0.00","","","","","","","","","Yes","","","","","","","","","","","","","","","",""
"2014-04-18","6421976","C-172 P, Cessna  Skyhawk","C172","4XCGC","146461","ASEL","0","","0","0","0","1.2","","","","","","0.00","0.00","1.20","1.20","","","1:12","1:12","","","","0.00","0.00","","","","","","","","","Yes","","","","","","","","","","","","","","","",""
"2014-04-18","6421975","C-172 P, Cessna  Skyhawk","C172","4XCGC","146461","ASEL","0","","0","0","0","0.5","","","","","","0.00","0.00","0.50","0.50","","","0:30","0:30","","","","0.00","0.00","","","","","","","","","Yes","","","","","","","","","","","","","","","",""
"2014-04-12","6421974","C-172 P, Cessna  Skyhawk","C172","4XCGC","146461","ASEL","0","","0","0","0","","","","","","","0.00","0.00","0.80","0.80","","","0:48","0:48","","","","0.00","0.00","","","","","","","","","Yes","","","","","","","","","","","","","","","",""
"2014-03-07","6421973","C-172 P, Cessna  Skyhawk","C172","4XCGC","146461","ASEL","0","","0","0","0","0.7","","","","","","0.00","0.00","0.70","0.70","","","0:42","0:42","","","","0.00","0.00","","","","","","","","","Yes","","","","","","","","","","","","","","","",""
"2014-03-07","6421972","C-172 P, Cessna  Skyhawk","C172","4XCGC","146461","ASEL","0","","0","0","0","0.7","","","","","","0.00","0.00","0.70","0.70","","","0:42","0:42","","","","0.00","0.00","","","","","","","","","Yes","","","","","","","","","","","","","","","",""
"2014-02-19","6421971","C-172 P, Cessna  Skyhawk","C172","4XCGC","146461","ASEL","0","","0","0","0","","","","","","","0.00","0.00","1.00","1.00","","","1:00","1:00","","Solo Time: 1.0","","0.00","0.00","","","","","","","","","Yes","","","","","","","","","","","","1.00","","","",""
"2013-12-27","6421970","C-172 P, Cessna  Skyhawk","C172","4XCGC","146461","ASEL","0","","0","0","0","0.6","","","","","","0.00","0.00","0.60","0.60","","","0:36","0:36","","","","0.00","0.00","","","","","","","","","Yes","","","","","","","","","","","","","","","",""
"2013-12-27","6421969","C-172 P, Cessna  Skyhawk","C172","4XCGC","146461","ASEL","0","","0","0","0","0.6","","","","","","0.00","0.00","0.60","0.60","","","0:36","0:36","","","","0.00","0.00","","","","","","","","","Yes","","","","","","","","","","","","","","","",""
"2013-12-21","6421968","C-172 P, Cessna  Skyhawk","C172","4XCGC","146461","ASEL","0","","0","0","0","","","","","","","0.00","0.00","0.70","0.70","","","0:42","0:42","","Solo Time: 0.7","","0.00","0.00","","","","","","","","","Yes","","","","","","","","","","","","0.70","","","",""
"2013-10-25","6421967","C-172 P, Cessna  Skyhawk","C172","4XCGC","146461","ASEL","0","","0","0","0","0.5","","","","","","0.00","0.00","0.50","0.50","","","0:30","0:30","","","","0.00","0.00","","","","","","","","","Yes","","","","","","","","","","","","","","","",""
"2013-10-25","6421966","C-172 P, Cessna  Skyhawk","C172","4XCGC","146461","ASEL","0","","0","0","0","0.5","","","","","","0.00","0.00","0.50","0.50","","","0:30","0:30","","","","0.00","0.00","","","","","","","","","Yes","","","","","","","","","","","","","","","",""
"2013-10-20","6421965","C-172 P, Cessna  Skyhawk","C172","4XCGC","146461","ASEL","0","","0","0","0","","","","","","","0.00","0.00","0.90","0.90","","","0:54","0:54","","Solo Time: 0.9","","0.00","0.00","","","","","","","","","Yes","","","","","","","","","","","","0.90","","","",""
"2013-03-24","6421964","C-172 P, Cessna  Skyhawk","C172","4XCGC","146461","ASEL","0","","0","0","0","0.6","","","","","","0.00","0.00","0.60","0.60","","","0:36","0:36","","","","0.00","0.00","","","","","","","","","Yes","","","","","","","","","","","","","","","",""
"2013-03-24","6421963","C-172 P, Cessna  Skyhawk","C172","4XCGC","146461","ASEL","0","","0","0","0","0.7","","","","","","0.00","0.00","0.70","0.70","","","0:42","0:42","","","","0.00","0.00","","","","","","","","","Yes","","","","","","","","","","","","","","","",""
"2013-02-08","6421962","C-172 P, Cessna  Skyhawk","C172","4XCGC","146461","ASEL","0","","0","0","0","","","","","","","0.00","0.00","1.20","1.20","","","1:12","1:12","","","","0.00","0.00","","","","","","","","","Yes","","","","","","","","","","","","","","","",""
"2013-01-18","6421961","C-172 P, Cessna  Skyhawk","C172","4XCGC","146461","ASEL","0","","0","0","0","","","","","","","0.00","0.00","1.20","1.20","","","1:12","1:12","","","","0.00","0.00","","","","","","","","","Yes","","","","","","","","","","","","","","","",""
"2012-12-13","6421960","C-172 P, Cessna  Skyhawk","C172","4XCGC","146461","ASEL","0","","0","0","0","","","","","","","0.00","0.00","0.80","0.80","","","0:48","0:48","","Solo Time: 0.8","","0.00","0.00","","","","","","","","","Yes","","","","","","","","","","","","0.80","","","",""
"2012-11-07","6421959","C-172 P, Cessna  Skyhawk","C172","4XCGC","146461","ASEL","0","","0","0","0","","","","","","","0.00","0.00","1.00","1.00","","","1:00","1:00","","Solo Time: 1.0","","0.00","0.00","","","","","","","","","Yes","","","","","","","","","","","","1.00","","","",""
"2012-10-20","6421958","C-172 P, Cessna  Skyhawk","C172","4XCGC","146461","ASEL","0","","0","0","0","1.5","","","","","","0.00","0.00","1.50","1.50","","","1:30","1:30","","","","0.00","0.00","","","","","","","","","Yes","","","","","","","","","","","","","","","",""
"2012-10-20","6421957","C-172 P, Cessna  Skyhawk","C172","4XCGC","146461","ASEL","0","","0","0","0","1.7","","","","","","0.00","0.00","1.70","1.70","","","1:42","1:42","","","","0.00","0.00","","","","","","","","","Yes","","","","","","","","","","","","","","","",""
"2012-08-24","6421956","C-172 P, Cessna  Skyhawk","C172","4XCGC","146461","ASEL","0","","0","0","0","2.1","","","","","","0.00","0.00","2.10","2.10","","","2:06","2:06","","","","0.00","0.00","","","","","","","","","Yes","","","","","","","","","","","","","","","",""
"2012-08-23","6421955","C-172 P, Cessna  Skyhawk","C172","4XCGC","146461","ASEL","0","","0","0","0","","","","","","","0.00","0.00","0.40","0.40","","","0:24","0:24","","Solo Time: 0.4","","0.00","0.00","","","","","","","","","Yes","","","","","","","","","","","","0.40","","","",""
"2012-07-23","6421954","C-172 P, Cessna  Skyhawk","C172","4XCGC","146461","ASEL","0","","0","0","0","","","","","","","0.00","0.00","0.60","0.60","","","0:36","0:36","","","","0.00","0.00","","","","","","","","","Yes","","","","","","","","","","","","","","","",""
"2012-06-23","6421953","C-172 P, Cessna  Skyhawk","C172","4XCGC","146461","ASEL","0","","0","0","0","0.7","","","","","","0.00","0.00","0.70","0.70","","","0:42","0:42","","","","0.00","0.00","","","","","","","","","Yes","","","","","","","","","","","","","","","",""
"2012-06-23","6421952","C-172 P, Cessna  Skyhawk","C172","4XCGC","146461","ASEL","0","","0","0","0","0.6","","","","","","0.00","0.00","0.60","0.60","","","0:36","0:36","","","","0.00","0.00","","","","","","","","","Yes","","","","","","","","","","","","","","","",""
"2012-06-09","6421951","C-172 P, Cessna  Skyhawk","C172","4XCGC","146461","ASEL","0","","0","0","0","","","","","","","0.00","0.00","0.80","0.80","","","0:48","0:48","","","","0.00","0.00","","","","","","","","","Yes","","","","","","","","","","","","","","","",""
"2012-05-30","6421950","C-172 P, Cessna  Skyhawk","C172","4XCGC","146461","ASEL","0","","0","0","0","","","","","","","0.00","0.00","0.80","0.80","","","0:48","0:48","","Solo Time: 0.8","","0.00","0.00","","","","","","","","","Yes","","","","","","","","","","","","0.80","","","",""
"2012-04-09","6421949","C-172 P, Cessna  Skyhawk","C172","4XCGC","146461","ASEL","0","","0","0","0","","","","","","","0.00","0.00","0.60","0.60","","","0:36","0:36","","Solo Time: 0.6","","0.00","0.00","","","","","","","","","Yes","","","","","","","","","","","","0.60","","","",""
"2012-03-22","6421948","C-172 P, Cessna  Skyhawk","C172","4XCGC","146461","ASEL","0","","0","0","0","","","","","","","0.00","0.00","0.80","0.80","","","0:48","0:48","","Solo Time: 0.8","","0.00","0.00","","","","","","","","","Yes","","","","","","","","","","","","0.80","","","",""
"2012-03-02","6421947","C-172 P, Cessna  Skyhawk","C172","4XCGC","146461","ASEL","0","","0","0","0","","","","","","","0.00","0.00","0.90","0.90","","","0:54","0:54","","Solo Time: 0.9","","0.00","0.00","","","","","","","","","Yes","","","","","","","","","","","","0.90","","","",""
"2011-11-25","6421946","C-172 P, Cessna  Skyhawk","C172","4XCGC","146461","ASEL","0","","0","0","0","","","","","","","0.00","0.00","0.50","0.50","","","0:30","0:30","","Solo Time: 0.5","","0.00","0.00","","","","","","","","","Yes","","","","","","","","","","","","0.50","","","",""
"2011-11-10","6421945","C-172 P, Cessna  Skyhawk","C172","4XCGC","146461","ASEL","0","","0","0","0","0.7","","","","","","0.00","0.00","0.70","0.70","","","0:42","0:42","","","","0.00","0.00","","","","","","","","","Yes","","","","","","","","","","","","","","","",""
"2011-11-10","6421944","C-172 P, Cessna  Skyhawk","C172","4XCGC","146461","ASEL","0","","0","0","0","0.8","","","","","","0.00","0.00","0.80","0.80","","","0:48","0:48","","","","0.00","0.00","","","","","","","","","Yes","","","","","","","","","","","","","","","",""
"2011-11-04","6421943","C-172 P, Cessna  Skyhawk","C172","4XCGC","146461","ASEL","0","","0","0","0","","","","","","","0.00","0.00","0.30","0.30","","","0:18","0:18","","Solo Time: 0.3","","0.00","0.00","","","","","","","","","Yes","","","","","","","","","","","","0.30","","","",""
"2011-10-15","6421942","C-172 P, Cessna  Skyhawk","C172","4XCGC","146461","ASEL","0","","0","0","0","","","","","","","0.00","0.00","1.10","1.10","","","1:06","1:06","","Solo Time: 1.1","","0.00","0.00","","","","","","","","","Yes","","","","","","","","","","","","1.10","","","",""
"2011-08-31","6421941","C-172 P, Cessna  Skyhawk","C172","4XCGC","146461","ASEL","0","","0","0","0","0.7","","","","","","0.00","0.00","0.70","0.70","","","0:42","0:42","","","","0.00","0.00","","","","","","","","","Yes","","","","","","","","","","","","","","","",""
"2011-08-31","6421940","C-172 P, Cessna  Skyhawk","C172","4XCGC","146461","ASEL","0","","0","0","0","0.7","","","","","","0.00","0.00","0.70","0.70","","","0:42","0:42","","","","0.00","0.00","","","","","","","","","Yes","","","","","","","","","","","","","","","",""
"2011-07-27","6421939","C-172 P, Cessna  Skyhawk","C172","4XCGC","146461","ASEL","0","","0","0","0","0.8","","","","","","0.00","0.00","0.80","0.80","","","0:48","0:48","","Solo Time: 0.9","","0.00","0.00","","","","","","","","","Yes","","","","","","","","","","","","0.90","","","",""
"2011-07-27","6421938","C-172 P, Cessna  Skyhawk","C172","4XCGC","146461","ASEL","0","","0","0","0","0.8","","","","","","0.00","0.00","0.80","0.80","","","0:48","0:48","","Solo Time: 0.8","","0.00","0.00","","","","","","","","","Yes","","","","","","","","","","","","0.80","","","",""
"2011-07-21","6421937","C-172 P, Cessna  Skyhawk","C172","4XCGC","146461","ASEL","0","","0","0","0","","","","","","","0.00","0.00","0.90","0.90","","","0:54","0:54","","Solo Time: 0.6","","0.00","0.00","","","","","","","","","Yes","","","","","","","","","","","","0.60","","","",""
"2011-06-23","6421936","C-172 P, Cessna  Skyhawk","C172","4XCGC","146461","ASEL","0","","0","0","0","","","","","","","0.00","0.00","0.90","0.90","","","0:54","0:54","","Solo Time: 0.8","","0.00","0.00","","","","","","","","","Yes","","","","","","","","","","","","0.80","","","",""
"2011-05-09","6421935","C-172 P, Cessna  Skyhawk","C172","4XCGC","146461","ASEL","0","","0","0","0","","","","","","","0.00","0.00","0.80","0.80","","","0:48","0:48","","","","0.00","0.00","","","","","","","","","Yes","","","","","","","","","","","","","","","",""
"2011-04-17","6421934","C-172 P, Cessna  Skyhawk","C172","4XCGC","146461","ASEL","0","","0","0","0","","","","","","","0.00","0.00","0.60","0.60","","","0:36","0:36","","","","0.00","0.00","","","","","","","","","Yes","","","","","","","","","","","","","","","",""
"2011-03-31","6421933","C-172 P, Cessna  Skyhawk","C172","4XCGC","146461","ASEL","0","","0","0","0","","","","","","","0.00","0.00","0.80","0.80","","","0:48","0:48","","","","0.00","0.00","","","","","","","","","Yes","","","","","","","","","","","","","","","",""
"2011-03-17","6421932","C-172 P, Cessna  Skyhawk","C172","4XCGC","146461","ASEL","0","","0","0","0","","","","","","","0.00","0.00","0.60","0.60","","","0:36","0:36","","Solo Time: 0.6","","0.00","0.00","","","","","","","","","Yes","","","","","","","","","","","","0.60","","","",""
"2011-03-15","6421931","C-172 P, Cessna  Skyhawk","C172","4XCGC","146461","ASEL","0","","0","0","0","","","","","","","0.00","0.00","0.70","0.70","","","0:42","0:42","","Solo Time: 0.7","","0.00","0.00","","","","","","","","","Yes","","","","","","","","","","","","0.70","","","",""
"2010-12-22","6421930","C-172 M, Cessna  Skyhawk","C172","4XCGV","55874","ASEL","0","","0","0","0","1.4","","","","","","0.00","0.00","1.40","1.40","","","1:24","1:24","","","","0.00","0.00","","","","","","","","","Yes","","","","","","","","","","","","","","","",""
"2010-12-22","6421929","C-172 M, Cessna  Skyhawk","C172","4XCGV","55874","ASEL","0","","0","0","0","","","","","","","0.00","0.00","0.70","0.70","","","0:42","0:42","","","","0.00","0.00","","","","","","","","","Yes","","","","","","","","","","","","","","","",""
"2010-12-14","6421928","C-172 M, Cessna  Skyhawk","C172","4XCGV","55874","ASEL","0","","0","0","0","1.7","","","","","","0.00","0.00","1.70","1.70","","","1:42","1:42","","","","0.00","0.00","","","","","","","","","Yes","","","","","","","","","","","","","","","",""
"2010-12-02","6421927","C-172 M, Cessna  Skyhawk","C172","4XCGV","55874","ASEL","0","","0","0","0","","","","","","","0.00","0.00","1.00","1.00","","","1:00","1:00","","","","0.00","0.00","","","","","","","","","Yes","","","","","","","","","","","","","","","",""
"2010-12-01","6421926","C-172 M, Cessna  Skyhawk","C172","4XCGV","55874","ASEL","0","","0","0","0","","","","","","","0.00","0.00","1.30","1.30","","","1:18","1:18","","","","0.00","0.00","","","","","","","","","Yes","","","","","","","","","","","","","","","",""
"2010-11-25","6421925","C-172 M, Cessna  Skyhawk","C172","4XCGV","55874","ASEL","0","","0","0","0","","","","","","","0.00","0.00","1.30","1.30","","","1:18","1:18","","","","0.00","0.00","","","","","","","","","Yes","","","","","","","","","","","","","","","",""
"2010-11-22","6421924","C-172 M, Cessna  Skyhawk","C172","4XCGV","55874","ASEL","0","","0","0","0","","","","","","","0.00","0.00","1.40","1.40","","","1:24","1:24","","","","0.00","0.00","","","","","","","","","Yes","","","","","","","","","","","","","","","",""
"2010-11-16","6421923","C-172 M, Cessna  Skyhawk","C172","4XCGV","55874","ASEL","0","","0","0","0","","","","","","","0.00","0.00","1.10","1.10","","","1:06","1:06","","","","0.00","0.00","","","","","","","","","Yes","","","","","","","","","","","","","","","",""
"2010-11-10","6421922","C-172 M, Cessna  Skyhawk","C172","4XCGV","55874","ASEL","0","","0","0","0","","","","","","","0.00","0.00","1.30","1.30","","","1:18","1:18","","","","0.00","0.00","","","","","","","","","Yes","","","","","","","","","","","","","","","",""
"2010-11-04","6421921","C-172 M, Cessna  Skyhawk","C172","4XCGV","55874","ASEL","0","","0","0","0","1.5","","","","","","0.00","0.00","1.50","1.50","","","1:30","1:30","","","","0.00","0.00","","","","","","","","","Yes","","","","","","","","","","","","","","","",""
"2010-10-21","6421920","PA44-180, Piper  Seminole","PA44","N3060K","3707","AMEL","0","","0","0","0","","","","","","2.0","0.00","0.00","0.00","2.00","","","","2:00","","","","0.00","0.00","","","","","","","Yes","Yes","Yes","Yes","","","","","","","","","","","","","","",""
"2010-10-21","6421919","PA44-180, Piper  Seminole","PA44","N3060K","3707","AMEL","0","","0","0","0","","","","","","2.0","0.00","0.00","0.00","2.00","","","","2:00","","","","0.00","0.00","","","","","","","Yes","Yes","Yes","Yes","","","","","","","","","","","","","","",""
"2010-10-20","6421918","PA44-180, Piper  Seminole","PA44","N337EP","7270","AMEL","0","","0","0","0","","","","","","2.0","0.00","0.00","0.00","2.00","","","","2:00","","","","0.00","0.00","","","","","","","Yes","Yes","Yes","Yes","","","","","","","","","","","","","","",""
"2010-10-19","6421917","PA44-180, Piper  Seminole","PA44","N3060K","3707","AMEL","0","","0","0","0","","","","","","2.0","0.00","0.00","0.00","2.00","","","","2:00","","","","0.00","0.00","","","","","","","Yes","Yes","Yes","Yes","","","","","","","","","","","","","","",""
"2010-10-18","6421916","PA44-180, Piper  Seminole","PA44","N3060K","3707","AMEL","0","","0","0","0","","","","","","2.0","0.00","0.00","0.00","2.00","","","","2:00","","","","0.00","0.00","","","","","","","Yes","Yes","Yes","Yes","","","","","","","","","","","","","","",""
"2010-10-16","6421915","C-172 M, Cessna  Skyhawk","C172","N12349","118988","ASEL","0","","0","0","0","","","","","","","0.00","0.00","1.00","1.00","","","1:00","1:00","","","","0.00","0.00","","","","","","","","","Yes","","","","","","","","","","","","","","","",""
"2010-10-13","6421914","C-172 M, Cessna  Skyhawk","C172","4XCGL","268","ASEL","0","","0","0","0","2.3","","","","","","0.00","0.00","2.30","2.30","","","2:18","2:18","","","","0.00","0.00","","","","","","","","","Yes","","","","","","","","","","","","","","","",""
"2010-10-08","6421913","C-172 M, Cessna  Skyhawk","C172","4XCGL","268","ASEL","0","","0","0","0","","","","","","","0.00","0.00","0.40","0.40","","","0:24","0:24","","","","0.00","0.00","","","","","","","","","Yes","","","","","","","","","","","","","","","",""
"2010-10-07","6421912","C-172 M, Cessna  Skyhawk","C172","4XCGL","268","ASEL","0","","0","0","0","","","","","","","0.00","0.00","1.50","1.50","","","1:30","1:30","","","","0.00","0.00","","","","","","","","","Yes","","","","","","","","","","","","","","","",""
"2010-10-04","6421911","C-172 M, Cessna  Skyhawk","C172","4XCGL","268","ASEL","0","","0","0","0","","","","","","","0.00","0.00","1.10","1.10","","","1:06","1:06","","","","0.00","0.00","","","","","","","","","Yes","","","","","","","","","","","","","","","",""
"2010-10-03","6421910","C-172 M, Cessna  Skyhawk","C172","4XCGL","268","ASEL","0","","0","0","0","2.4","","","","","","0.00","0.00","2.40","2.40","","","2:24","2:24","","","","0.00","0.00","","","","","","","","","Yes","","","","","","","","","","","","","","","",""
"2010-09-19","6421909","C-172 M, Cessna  Skyhawk","C172","4XCGL","268","ASEL","0","","0","0","0","","","","1.2","","1.3","0.00","0.00","0.00","1.30","","","","1:18","","","","0.00","0.00","","","","","","","","","Yes","","","","","","","","","","","","","","","",""
"2010-09-15","6421908","C-172 M, Cessna  Skyhawk","C172","4XCGL","268","ASEL","0","","0","0","0","1.7","1.7","","","","1.7","0.00","0.00","0.00","1.70","","","","1:42","","","","0.00","0.00","","","","","","","","","Yes","","","","","","","","","","","","","","","",""
"2010-09-13","6421907","C-172 M, Cessna  Skyhawk","C172","4XCGL","268","ASEL","0","","0","0","0","","","","","","","0.00","0.00","1.00","1.00","","","1:00","1:00","","","","0.00","0.00","","","","","","","","","Yes","","","","","","","","","","","","","","","",""
"2010-09-02","6421906","C-172 M, Cessna  Skyhawk","C172","4XCGL","268","ASEL","0","","0","0","0","","","","","","","0.00","0.00","1.30","1.30","","","1:18","1:18","","","","0.00","0.00","","","","","","","","","Yes","","","","","","","","","","","","","","","",""
"2010-08-30","6421905","C-172 M, Cessna  Skyhawk","C172","4XCGV","55874","ASEL","0","","0","0","0","","","","","","","0.00","0.00","1.30","1.30","","","1:18","1:18","","","","0.00","0.00","","","","","","","","","Yes","","","","","","","","","","","","","","","",""
"2010-08-16","6421904","C-172 M, Cessna  Skyhawk","C172","4XCGV","55874","ASEL","0","","0","0","0","","","","","","","0.00","0.00","0.80","0.80","","","0:48","0:48","","","","0.00","0.00","","","","","","","","","Yes","","","","","","","","","","","","","","","",""
"2010-08-05","6421903","C-172 M, Cessna  Skyhawk","C172","4XCGV","55874","ASEL","0","","0","0","0","","","","","","","0.00","0.00","0.90","0.90","","","0:54","0:54","","","","0.00","0.00","","","","","","","","","Yes","","","","","","","","","","","","","","","",""
"2010-08-02","6421902","C-172 M, Cessna  Skyhawk","C172","4XCGV","55874","ASEL","0","","0","0","0","","","","","","","0.00","0.00","1.00","1.00","","","1:00","1:00","","","","0.00","0.00","","","","","","","","","Yes","","","","","","","","","","","","","","","",""
"2010-07-26","6421901","C-172 M, Cessna  Skyhawk","C172","4XCGV","55874","ASEL","0","","0","0","0","","","","","","","0.00","0.00","1.30","1.30","","","1:18","1:18","","","","0.00","0.00","","","","","","","","","Yes","","","","","","","","","","","","","","","",""
"2010-07-14","6421900","C-172 M, Cessna  Skyhawk","C172","4XCGV","55874","ASEL","0","","0","0","0","","","","","","","0.00","0.00","0.80","0.80","","","0:48","0:48","","","","0.00","0.00","","","","","","","","","Yes","","","","","","","","","","","","","","","",""
"2010-06-30","6421899","C-172 M, Cessna  Skyhawk","C172","4XCGL","268","ASEL","0","","0","0","0","","1.1","","","","1.1","0.00","0.00","0.00","1.10","","","","1:06","","","","0.00","0.00","","","","","","","","","Yes","","","","","","","","","","","","","","","",""
"2010-04-07","6421898","C-172 N, Cessna  Skyhawk/100","C172","4XCGQ","47200","ASEL","0","","0","0","0","","","","","","","0.00","0.00","1.40","1.40","","","1:24","1:24","","","","0.00","0.00","","","","","","","","","Yes","","","","","","","","","","","","","","","",""
"2010-03-15","6421897","C-172 N, Cessna  Skyhawk/100","C172","4XCGQ","47200","ASEL","0","","0","0","0","","","","","","","0.00","0.00","0.90","0.90","","","0:54","0:54","","","","0.00","0.00","","","","","","","","","Yes","","","","","","","","","","","","","","","",""
"2010-01-30","6421896","C-172 R, Cessna  Skyhawk","C172","N916TA","501","ASEL","0","","0","0","0","","","","","","","0.00","0.00","2.00","2.00","","","2:00","2:00","","","","0.00","0.00","","","","","","","","","Yes","","","","","","","","","","","","","","","",""
"2010-01-29","6421895","C-172 R, Cessna  Skyhawk","C172","N916TA","501","ASEL","0","","0","0","0","","","","","","","0.00","0.00","2.00","2.00","","","2:00","2:00","","","","0.00","0.00","","","","","","","","","Yes","","","","","","","","","","","","","","","",""
"2010-01-21","6421894","C-172 M, Cessna  Skyhawk","C172","4XCGV","55874","ASEL","0","","0","0","0","","","","","","","0.00","0.00","1.30","1.30","","","1:18","1:18","","1 Night Landing(s) at a Towered Airport","","0.00","0.00","","","","","","","","","Yes","","","","","","","","","","","","","1","","",""
"2009-12-20","6421893","C-172 M, Cessna  Skyhawk","C172","4XCGV","55874","ASEL","0","","0","0","0","","","","","","","0.00","0.00","0.80","0.80","","","0:48","0:48","","","","0.00","0.00","","","","","","","","","Yes","","","","","","","","","","","","","","","",""
"2009-12-06","6421892","C-172 M, Cessna  Skyhawk","C172","4XCGV","55874","ASEL","0","","0","0","0","","","","","","","0.00","0.00","1.30","1.30","","","1:18","1:18","","","","0.00","0.00","","","","","","","","","Yes","","","","","","","","","","","","","","","",""
"2009-12-01","6421891","C-172 M, Cessna  Skyhawk","C172","4XCGV","55874","ASEL","0","","0","0","0","","","","","","","0.00","0.00","1.00","1.00","","","1:00","1:00","","","","0.00","0.00","","","","","","","","","Yes","","","","","","","","","","","","","","","",""
"2009-11-23","6421890","C-152, Cessna","C152","4XCWC","55872","ASEL","0","","0","0","0","","","","","","","0.00","0.00","0.50","0.50","","","0:30","0:30","","","","0.00","0.00","","","","","","","","","Yes","","","","","","","","","","","","","","","",""
"2009-11-20","6421889","C-152, Cessna","C152","4XCSJ","47196","ASEL","0","","0","0","0","","","","","","","0.00","0.00","1.00","1.00","","","1:00","1:00","","","","0.00","0.00","","","","","","","","","Yes","","","","","","","","","","","","","","","",""
"1991-11-23","6421888","C-172 P, Cessna  Skyhawk","C172","4XCGS","206032","ASEL","0","","0","0","0","","","","","","","0.00","0.00","0.30","0.30","","","0:18","0:18","","Solo Time: 0.3","","0.00","0.00","","","","","","","","","Yes","","","","","","","","","","","","0.30","","","",""
"1991-08-25","6421887","C-152, Cessna","C152","4XALY","909","ASEL","0","","0","0","0","","","","","","","0.00","0.00","0.50","0.50","","","0:30","0:30","","Solo Time: 0.5","","0.00","0.00","","","","","","","","","Yes","","","","","","","","","","","","0.50","","","",""
"1991-06-15","6421886","C-152, Cessna","C152","4XALY","909","ASEL","0","","0","0","0","","","","","","","0.00","0.00","0.60","0.60","","","0:36","0:36","","Solo Time: 0.6","","0.00","0.00","","","","","","","","","Yes","","","","","","","","","","","","0.60","","","",""
"1991-02-28","6421885","C-152, Cessna","C152","4XALY","909","ASEL","0","","0","0","0","","","","","","","0.00","0.00","0.60","0.60","","","0:36","0:36","","Solo Time: 0.6","","0.00","0.00","","","","","","","","","Yes","","","","","","","","","","","","0.60","","","",""
"1990-11-17","6421884","C-152, Cessna","C152","4XALY","909","ASEL","0","","0","0","0","","","","","","","0.00","0.00","0.50","0.50","","","0:30","0:30","","Solo Time: 0.5","","0.00","0.00","","","","","","","","","Yes","","","","","","","","","","","","0.50","","","",""
"1990-08-02","6421883","C-172 P, Cessna  Skyhawk","C172","4XCGS","206032","ASEL","0","","0","0","0","","","","","","","0.00","0.00","0.50","0.50","","","0:30","0:30","","Solo Time: 0.5","","0.00","0.00","","","","","","","","","Yes","","","","","","","","","","","","0.50","","","",""
"1990-04-28","6421882","C-172 P, Cessna  Skyhawk","C172","4XCGS","206032","ASEL","0","","0","0","0","","","","","","","0.00","0.00","0.80","0.80","","","0:48","0:48","","","Bi Annual","0.00","0.00","","","","","","","","","Yes","","","","","","","","","","","","","","","",""
"1990-03-09","6421881","C-172 P, Cessna  Skyhawk","C172","4XCGS","206032","ASEL","0","","0","0","0","","","","","","","0.00","0.00","0.80","0.80","","","0:48","0:48","","Solo Time: 0.8","","0.00","0.00","","","","","","","","","Yes","","","","","","","","","","","","0.80","","","",""
"1989-10-20","6421880","C-172 P, Cessna  Skyhawk","C172","4XCGF","30500","ASEL","0","","0","0","0","0.7","","","","","","0.00","0.00","0.70","0.70","","","0:42","0:42","","","","0.00","0.00","","","","","","","","","Yes","","","","","","","","","","","","","","","",""
"1989-09-01","6421879","C-172 P, Cessna  Skyhawk","C172","4XCGF","30500","ASEL","0","","0","0","0","1.3","","","","","","0.00","0.00","1.30","1.30","","","1:18","1:18","","","","0.00","0.00","","","","","","","","","Yes","","","","","","","","","","","","","","","",""
"1989-05-25","6421878","C-172 P, Cessna  Skyhawk","C172","4XCGS","206032","ASEL","0","","0","0","0","","","","","","","0.00","0.00","0.60","0.60","","","0:36","0:36","","Solo Time: 0.6","","0.00","0.00","","","","","","","","","Yes","","","","","","","","","","","","0.60","","","",""
"1988-12-31","6421877","C-172 P, Cessna  Skyhawk","C172","4XCGF","30500","ASEL","0","","0","0","0","1.0","","","","","","0.00","0.00","1.00","1.00","","","1:00","1:00","","","","0.00","0.00","","","","","","","","","Yes","","","","","","","","","","","","","","","",""
"1988-09-24","6421876","C-172 P, Cessna  Skyhawk","C172","4XCAU","16466","ASEL","0","","0","0","0","","","","","","","0.00","0.00","0.40","0.40","","","0:24","0:24","","Solo Time: 0.4","","0.00","0.00","","","","","","","","","Yes","","","","","","","","","","","","0.40","","","",""
"1988-09-23","6421875","C-172 P, Cessna  Skyhawk","C172","4XCAU","16466","ASEL","0","","0","0","0","","","","","","","0.00","0.00","0.30","0.30","","","0:18","0:18","","Solo Time: 0.3","","0.00","0.00","","","","","","","","","Yes","","","","","","","","","","","","0.30","","","",""
"1988-06-26","6421874","C-172 P, Cessna  Skyhawk","C172","4XCAR","47917","ASEL","0","","0","0","0","1.1","","","","","","0.00","0.00","1.10","1.10","","","1:06","1:06","","","","0.00","0.00","","","","","","","","","Yes","","","","","","","","","","","","","","","",""
"1988-06-17","6421873","C-152, Cessna","C152","4XALY","909","ASEL","0","","0","0","0","","","","","","","0.00","0.00","1.30","1.30","","","1:18","1:18","","","","0.00","0.00","","","","","","","","","Yes","","","","","","","","","","","","","","","",""
"1988-04-26","6421872","C-172 P, Cessna  Skyhawk","C172","4XCAR","47917","ASEL","0","","0","0","0","0.8","0.8","","","","0.8","0.00","0.00","0.00","0.80","","","","0:48","","","","0.00","0.00","","","","","","","","","Yes","","","","","","","","","","","","","","","",""
"1988-04-14","6421871","C-172 P, Cessna  Skyhawk","C172","4XCAR","47917","ASEL","0","","0","0","0","1.0","1.0","","","","1.0","0.00","0.00","0.00","1.00","","","","1:00","","","","0.00","0.00","","","","","","","","","Yes","","","","","","","","","","","","","","","",""
"1988-03-31","6421870","C-172 P, Cessna  Skyhawk","C172","4XCAR","47917","ASEL","0","","0","0","0","","1.1","","","","1.1","0.00","0.00","0.00","1.10","","","","1:06","","","","0.00","0.00","","","","","","","","","Yes","","","","","","","","","","","","","","","",""
"1988-03-18","6421869","C-172 P, Cessna  Skyhawk","C172","4XCAR","47917","ASEL","0","","0","0","0","","","","","","","0.00","0.00","0.50","0.50","","","0:30","0:30","","Solo Time: 0.5","","0.00","0.00","","","","","","","","","Yes","","","","","","","","","","","","0.50","","","",""
"1988-03-18","6421868","C-172 P, Cessna  Skyhawk","C172","4XCAR","47917","ASEL","0","","0","0","0","","","","","","0.7","0.00","0.00","0.00","0.70","","","","0:42","","","","0.00","0.00","","","","","","","","","Yes","","","","","","","","","","","","","","","",""
"1988-03-01","6421867","C-152, Cessna","C152","4XALX","60070","ASEL","0","","0","0","0","1.3","","","","","","0.00","0.00","1.30","1.30","","","1:18","1:18","","","","0.00","0.00","","","","","","","","","Yes","","","","","","","","","","","","","","","",""
"1988-02-14","6421866","C-152, Cessna","C152","4XALX","60070","ASEL","0","","0","0","0","","","","","","","0.00","0.00","0.90","0.90","","","0:54","0:54","","","","0.00","0.00","","","","","","","","","Yes","","","","","","","","","","","","","","","",""
"1988-02-12","6421865","C-152, Cessna","C152","4XALX","60070","ASEL","0","","0","0","0","","","","","","","0.00","0.00","1.00","1.00","","","1:00","1:00","","Solo Time: 1.0","","0.00","0.00","","","","","","","","","Yes","","","","","","","","","","","","1.00","","","",""
"1988-02-12","6421864","C-152, Cessna","C152","4XALX","60070","ASEL","0","","0","0","0","","","","","","0.8","0.00","0.00","0.00","0.80","","","","0:48","","","","0.00","0.00","","","","","","","","","Yes","","","","","","","","","","","","","","","",""
"1988-01-22","6421863","C-152, Cessna","C152","4XALX","60070","ASEL","0","","0","0","0","","","","","","0.7","0.00","0.00","0.00","0.70","","","","0:42","","","","0.00","0.00","","","","","","","","","Yes","","","","","","","","","","","","","","","",""
"1988-01-16","6421862","C-152, Cessna","C152","4XALX","60070","ASEL","0","","0","0","0","","","","","","1.1","0.00","0.00","0.00","1.10","","","","1:06","","","","0.00","0.00","","","","","","","","","Yes","","","","","","","","","","","","","","","",""
"1988-01-15","6421861","C-152, Cessna","C152","4XALX","60070","ASEL","0","","0","0","0","","","","1.3","","1.3","0.00","0.00","0.00","1.30","","","","1:18","","","","0.00","0.00","","","","","","","","","Yes","","","","","","","","","","","","","","","",""
"1988-01-09","6421860","C-152, Cessna","C152","4XALX","60070","ASEL","0","","0","0","0","2.8","","","","","","0.00","0.00","2.80","2.80","","","2:48","2:48","","Solo Time: 2.8","","0.00","0.00","","","","","","","","","Yes","","","","","","","","","","","","2.80","","","",""
"1988-01-08","6421859","C-152, Cessna","C152","4XALX","60070","ASEL","0","","0","0","0","1.2","","","","","","0.00","0.00","1.20","1.20","","","1:12","1:12","","Solo Time: 1.2","","0.00","0.00","","","","","","","","","Yes","","","","","","","","","","","","1.20","","","",""
"1988-01-02","6421858","C-152, Cessna","C152","4XALY","909","ASEL","0","","0","0","0","0.7","","","","","0.7","0.00","0.00","0.00","0.70","","","","0:42","","","","0.00","0.00","","","","","","","","","Yes","","","","","","","","","","","","","","","",""
"1988-01-02","6421857","C-152, Cessna","C152","4XALY","909","ASEL","0","","0","0","0","0.8","","","","","0.8","0.00","0.00","0.00","0.80","","","","0:48","","","","0.00","0.00","","","","","","","","","Yes","","","","","","","","","","","","","","","",""
"1988-01-01","6421856","C-152, Cessna","C152","4XCGA","206030","ASEL","0","","0","0","0","2.2","","","","","","0.00","0.00","2.20","2.20","","","2:12","2:12","","Solo Time: 2.2","","0.00","0.00","","","","","","","","","Yes","","","","","","","","","","","","2.20","","","",""
"1987-12-08","6421855","C-152, Cessna","C152","4XCGA","206030","ASEL","0","","0","0","0","","","","","","","0.00","0.00","1.00","1.00","","","1:00","1:00","","Solo Time: 1.0","","0.00","0.00","","","","","","","","","Yes","","","","","","","","","","","","1.00","","","",""
"1987-11-28","6421854","C-152, Cessna","C152","4XALX","60070","ASEL","0","","0","0","0","0.8","","","","","0.8","0.00","0.00","0.00","0.80","","","","0:48","","","","0.00","0.00","","","","","","","","","Yes","","","","","","","","","","","","","","","",""
"1987-11-28","6421853","C-152, Cessna","C152","4XALX","60070","ASEL","0","","0","0","0","1.0","","","","","1.0","0.00","0.00","0.00","1.00","","","","1:00","","","","0.00","0.00","","","","","","","","","Yes","","","","","","","","","","","","","","","",""
"1987-11-27","6421852","C-152, Cessna","C152","4XALX","60070","ASEL","0","","0","0","0","","","","0.8","","0.8","0.00","0.00","0.00","0.80","","","","0:48","","","","0.00","0.00","","","","","","","","","Yes","","","","","","","","","","","","","","","",""
"1987-11-14","6421851","C-152, Cessna","C152","4XCGA","206030","ASEL","0","","0","0","0","","","","","","1.0","0.00","0.00","0.00","1.00","","","","1:00","","","","0.00","0.00","","","","","","","","","Yes","","","","","","","","","","","","","","","",""
"1987-11-14","6421850","C-152, Cessna","C152","4XALX","60070","ASEL","0","","0","0","0","","","","","","","0.00","0.00","0.60","0.60","","","0:36","0:36","","Solo Time: 0.6","","0.00","0.00","","","","","","","","","Yes","","","","","","","","","","","","0.60","","","",""
"1987-11-14","6421849","C-152, Cessna","C152","4XALX","60070","ASEL","0","","0","0","0","","","","","","","0.00","0.00","1.10","1.10","","","1:06","1:06","","Solo Time: 1.1","","0.00","0.00","","","","","","","","","Yes","","","","","","","","","","","","1.10","","","",""
"1987-11-14","6421848","C-152, Cessna","C152","4XALX","60070","ASEL","0","","0","0","0","","","","","","0.1","0.00","0.00","0.00","0.10","","","","0:06","","","","0.00","0.00","","","","","","","","","Yes","","","","","","","","","","","","","","","",""
"1987-11-07","6421847","C-152, Cessna","C152","4XALY","909","ASEL","0","","0","0","0","","","","","","","0.00","0.00","1.30","1.30","","","1:18","1:18","","Solo Time: 1.3","","0.00","0.00","","","","","","","","","Yes","","","","","","","","","","","","1.30","","","",""
"1987-11-07","6421846","C-152, Cessna","C152","4XALY","909","ASEL","0","","0","0","0","","","","","","0.7","0.00","0.00","0.00","0.70","","","","0:42","","","","0.00","0.00","","","","","","","","","Yes","","","","","","","","","","","","","","","",""
"1987-10-23","6421845","C-152, Cessna","C152","4XALX","60070","ASEL","0","","0","0","0","","","","0.9","","0.9","0.00","0.00","0.00","0.90","","","","0:54","","","","0.00","0.00","","","","","","","","","Yes","","","","","","","","","","","","","","","",""
"1987-10-09","6421844","C-152, Cessna","C152","4XALY","909","ASEL","0","","0","0","0","","","","","","","0.00","0.00","0.90","0.90","","","0:54","0:54","","Solo Time: 0.9","","0.00","0.00","","","","","","","","","Yes","","","","","","","","","","","","0.90","","","",""
"1987-10-09","6421843","C-152, Cessna","C152","4XALY","909","ASEL","0","","0","0","0","","","","","","","0.00","0.00","0.90","0.90","","","0:54","0:54","","Solo Time: 0.9","","0.00","0.00","","","","","","","","","Yes","","","","","","","","","","","","0.90","","","",""
"1987-10-09","6421842","C-152, Cessna","C152","4XALY","909","ASEL","0","","0","0","0","","","","","","","0.00","0.00","0.90","0.90","","","0:54","0:54","","Solo Time: 0.9","","0.00","0.00","","","","","","","","","Yes","","","","","","","","","","","","0.90","","","",""
"1987-10-08","6421841","C-152, Cessna","C152","4XALY","909","ASEL","0","","0","0","0","","","","","","","0.00","0.00","1.40","1.40","","","1:24","1:24","","Solo Time: 1.4","","0.00","0.00","","","","","","","","","Yes","","","","","","","","","","","","1.40","","","",""
"1987-10-08","6421840","C-152, Cessna","C152","4XALY","909","ASEL","0","","0","0","0","","","","","","0.2","0.00","0.00","0.00","0.20","","","","0:12","","","","0.00","0.00","","","","","","","","","Yes","","","","","","","","","","","","","","","",""
"1987-10-02","6421839","C-152, Cessna","C152","4XALY","909","ASEL","0","","0","0","0","","","","","","","0.00","0.00","0.80","0.80","","","0:48","0:48","","","","0.00","0.00","","","","","","","","","Yes","","","","","","","","","","","","","","","",""
"1987-10-02","6421838","C-152, Cessna","C152","4XALY","909","ASEL","0","","0","0","0","","","","","","0.3","0.00","0.00","0.00","0.30","","","","0:18","","","","0.00","0.00","","","","","","","","","Yes","","","","","","","","","","","","","","","",""
"1987-09-18","6421837","C-152, Cessna","C152","4XALX","60070","ASEL","0","","0","0","0","","","","","","","0.00","0.00","0.80","0.80","","","0:48","0:48","","Solo Time: 0.8","","0.00","0.00","","","","","","","","","Yes","","","","","","","","","","","","0.80","","","",""
"1987-09-18","6421836","C-152, Cessna","C152","4XALX","60070","ASEL","0","","0","0","0","","","","","","0.2","0.00","0.00","0.00","0.20","","","","0:12","","","","0.00","0.00","","","","","","","","","Yes","","","","","","","","","","","","","","","",""
"1987-09-11","6421835","C-152, Cessna","C152","4XALX","60070","ASEL","0","","0","0","0","","","","","","","0.00","0.00","0.20","0.20","","","0:12","0:12","","Solo Time: 0.2","","0.00","0.00","","","","","","","","","Yes","","","","","","","","","","","","0.20","","","",""
"1987-09-11","6421834","C-152, Cessna","C152","4XALX","60070","ASEL","0","","0","0","0","","","","","","0.4","0.00","0.00","0.00","0.40","","","","0:24","","","","0.00","0.00","","","","","","","","","Yes","","","","","","","","","","","","","","","",""
"1987-08-28","6421833","C-152, Cessna","C152","4XALX","60070","ASEL","0","","0","0","0","","","","","","0.7","0.00","0.00","0.00","0.70","","","","0:42","","","","0.00","0.00","","","","","","","","","Yes","","","","","","","","","","","","","","","",""
"1987-08-21","6421832","C-152, Cessna","C152","4XCGB","898","ASEL","0","","0","0","0","","","","","","0.9","0.00","0.00","0.00","0.90","","","","0:54","","","","0.00","0.00","","","","","","","","","Yes","","","","","","","","","","","","","","","",""
"1987-08-14","6421831","C-152, Cessna","C152","4XALX","60070","ASEL","0","","0","0","0","","","","","","0.9","0.00","0.00","0.00","0.90","","","","0:54","","","","0.00","0.00","","","","","","","","","Yes","","","","","","","","","","","","","","","",""
"1987-08-01","6421830","C-152, Cessna","C152","4XALY","909","ASEL","0","","0","0","0","","","","","","1.0","0.00","0.00","0.00","1.00","","","","1:00","","","","0.00","0.00","","","","","","","","","Yes","","","","","","","","","","","","","","","",""
"1987-07-28","6421829","C-152, Cessna","C152","4XALY","909","ASEL","0","","0","0","0","","","","","","0.6","0.00","0.00","0.00","0.60","","","","0:36","","","","0.00","0.00","","","","","","","","","Yes","","","","","","","","","","","","","","","",""
"1987-07-24","6421828","C-152, Cessna","C152","4XCGA","206030","ASEL","0","","0","0","0","","","","","","1.0","0.00","0.00","0.00","1.00","","","","1:00","","","","0.00","0.00","","","","","","","","","Yes","","","","","","","","","","","","","","","",""
"1987-07-18","6421827","C-152, Cessna","C152","4XCGA","206030","ASEL","0","","0","0","0","","","","","","0.9","0.00","0.00","0.00","0.90","","","","0:54","","","","0.00","0.00","","","","","","","","","Yes","","","","","","","","","","","","","","","",""
"1987-07-04","6421826","C-152, Cessna","C152","4XALX","60070","ASEL","0","","0","0","0","","","","","","1.0","0.00","0.00","0.00","1.00","","","","1:00","","","","0.00","0.00","","","","","","","","","Yes","","","","","","","","","","","","","","","",""
"1987-06-26","6421825","C-152, Cessna","C152","4XALX","60070","ASEL","0","","0","0","0","","","","","","1.9","0.00","0.00","0.00","1.90","","","","1:54","","","","0.00","0.00","","","","","","","","","Yes","","","","","","","","","","","","","","","",""
"1987-06-20","6421824","C-152, Cessna","C152","4XCGA","206030","ASEL","0","","0","0","0","","","","","","0.9","0.00","0.00","0.00","0.90","","","","0:54","","","","0.00","0.00","","","","","","","","","Yes","","","","","","","","","","","","","","","",""
"1987-06-06","6421823","C-152, Cessna","C152","4XCGA","206030","ASEL","0","","0","0","0","","","","","","0.9","0.00","0.00","0.00","0.90","","","","0:54","","","","0.00","0.00","","","","","","","","","Yes","","","","","","","","","","","","","","","",""
"1987-05-30","6421822","C-152, Cessna","C152","4XALY","909","ASEL","0","","0","0","0","","","","","","0.9","0.00","0.00","0.00","0.90","","","","0:54","","","","0.00","0.00","","","","","","","","","Yes","","","","","","","","","","","","","","","",""
"1987-05-24","6421821","C-152, Cessna","C152","4XALY","909","ASEL","0","","0","0","0","","","","","","1.1","0.00","0.00","0.00","1.10","","","","1:06","","","","0.00","0.00","","","","","","","","","Yes","","","","","","","","","","","","","","","",""
"1987-05-08","6421820","C-152, Cessna","C152","4XCGA","206030","ASEL","0","","0","0","0","","","","","","0.9","0.00","0.00","0.00","0.90","","","","0:54","","","","0.00","0.00","","","","","","","","","Yes","","","","","","","","","","","","","","","",""
"1987-05-01","6421819","C-152, Cessna","C152","4XCGA","206030","ASEL","0","","0","0","0","","","","","","0.5","0.00","0.00","0.00","0.50","","","","0:30","","","","0.00","0.00","","","","","","","","","Yes","","","","","","","","","","","","","","","",""
